epoch,time,train/box_loss,train/cls_loss,train/dfl_loss,metrics/precision(B),metrics/recall(B),metrics/mAP50(B),metrics/mAP50-95(B),val/box_loss,val/cls_loss,val/dfl_loss,lr/pg0,lr/pg1,lr/pg2,lr/pg3,lr/pg4,lr/pg5,lr/pg6,lr/pg7
1,334.675,1.90639,3.0684,1.85221,0.19606,0.14887,0.09782,0.04206,1.95159,2.71936,1.90301,0.009984,0.003328,0.009984,0.003328,0.009984,0.003328,0.009984,0.003328
2,471.29,1.89353,2.74726,1.83632,0.164,0.15303,0.07301,0.02811,2.1427,3.03905,2.04718,0.0197862,0.00659539,0.0197862,0.00659539,0.0197862,0.00659539,0.0197862,0.00659539
3,592.823,2.01575,2.92779,1.95513,0.06979,0.05501,0.0214,0.00748,2.41263,3.59848,2.30819,0.0293903,0.00979677,0.0293903,0.00979677,0.0293903,0.00979677,0.0293903,0.00979677
4,709.085,2.05459,3.03967,2.02559,0.11542,0.09824,0.0459,0.01732,2.23721,3.21053,2.1757,0.029109,0.009703,0.029109,0.009703,0.029109,0.009703,0.029109,0.009703
5,825.522,1.98593,2.93969,1.98341,0.16171,0.16468,0.07881,0.03059,2.1242,2.93448,2.10379,0.028812,0.009604,0.028812,0.009604,0.028812,0.009604,0.028812,0.009604
6,941.909,1.93264,2.86074,1.94439,0.19712,0.16339,0.09849,0.03931,1.98851,2.78515,2.01459,0.028515,0.009505,0.028515,0.009505,0.028515,0.009505,0.028515,0.009505
7,1058.02,1.89899,2.78955,1.90948,0.22283,0.18307,0.11935,0.04808,1.97852,2.72353,1.99868,0.028218,0.009406,0.028218,0.009406,0.028218,0.009406,0.028218,0.009406
8,1174.91,1.86472,2.72376,1.88129,0.23766,0.19885,0.12777,0.0537,1.92954,2.66786,1.94102,0.027921,0.009307,0.027921,0.009307,0.027921,0.009307,0.027921,0.009307
9,1291.92,1.84174,2.68447,1.85949,0.22475,0.19179,0.12555,0.05393,1.9311,2.67071,1.91484,0.027624,0.009208,0.027624,0.009208,0.027624,0.009208,0.027624,0.009208
10,1409.14,1.81822,2.63229,1.82841,0.2508,0.2159,0.14461,0.062,1.8957,2.59199,1.88912,0.027327,0.009109,0.027327,0.009109,0.027327,0.009109,0.027327,0.009109
11,1526.51,1.79264,2.58731,1.80964,0.26362,0.22099,0.15564,0.06639,1.90215,2.58479,1.89284,0.02703,0.00901,0.02703,0.00901,0.02703,0.00901,0.02703,0.00901
12,1643.72,1.77637,2.54843,1.80369,0.26118,0.22125,0.15976,0.06972,1.86369,2.56031,1.90356,0.026733,0.008911,0.026733,0.008911,0.026733,0.008911,0.026733,0.008911
13,1761.27,1.75736,2.50566,1.78861,0.25691,0.23223,0.16168,0.0714,1.87569,2.52309,1.86957,0.026436,0.008812,0.026436,0.008812,0.026436,0.008812,0.026436,0.008812
14,1877.99,1.73829,2.46673,1.76889,0.26758,0.24113,0.1749,0.07767,1.85313,2.50056,1.85791,0.026139,0.008713,0.026139,0.008713,0.026139,0.008713,0.026139,0.008713
15,1994.49,1.72627,2.44236,1.75682,0.28344,0.25087,0.18409,0.08241,1.8482,2.47104,1.85697,0.025842,0.008614,0.025842,0.008614,0.025842,0.008614,0.025842,0.008614
16,2111.13,1.70922,2.39841,1.75069,0.31941,0.25112,0.19729,0.08953,1.82698,2.42764,1.83011,0.025545,0.008515,0.025545,0.008515,0.025545,0.008515,0.025545,0.008515
17,2228.03,1.7021,2.38713,1.73695,0.30589,0.25793,0.20047,0.09182,1.8173,2.40952,1.82152,0.025248,0.008416,0.025248,0.008416,0.025248,0.008416,0.025248,0.008416
18,2344.34,1.68973,2.36574,1.73208,0.31541,0.25676,0.20255,0.09183,1.82919,2.4073,1.83684,0.024951,0.008317,0.024951,0.008317,0.024951,0.008317,0.024951,0.008317
19,2461.27,1.68015,2.32749,1.72167,0.3191,0.25399,0.20106,0.09133,1.81356,2.39579,1.81746,0.024654,0.008218,0.024654,0.008218,0.024654,0.008218,0.024654,0.008218
20,2577.68,1.6648,2.28157,1.69937,0.3182,0.27016,0.2097,0.09722,1.80247,2.35653,1.80616,0.024357,0.008119,0.024357,0.008119,0.024357,0.008119,0.024357,0.008119
21,2694.64,1.65119,2.26081,1.69577,0.33995,0.27039,0.21881,0.10104,1.79887,2.34794,1.81844,0.02406,0.00802,0.02406,0.00802,0.02406,0.00802,0.02406,0.00802
22,2811.65,1.63702,2.23761,1.68449,0.32893,0.27569,0.21664,0.09999,1.80709,2.35535,1.81994,0.023763,0.007921,0.023763,0.007921,0.023763,0.007921,0.023763,0.007921
23,2927.58,1.62137,2.19923,1.67098,0.32704,0.27271,0.21898,0.10108,1.79756,2.32781,1.80917,0.023466,0.007822,0.023466,0.007822,0.023466,0.007822,0.023466,0.007822
24,3044.97,1.6127,2.1873,1.66353,0.34056,0.27193,0.22172,0.10362,1.80758,2.34143,1.81735,0.023169,0.007723,0.023169,0.007723,0.023169,0.007723,0.023169,0.007723
25,3161.86,1.60994,2.15398,1.65949,0.33011,0.28045,0.2282,0.10491,1.80474,2.33417,1.8208,0.022872,0.007624,0.022872,0.007624,0.022872,0.007624,0.022872,0.007624
26,3277.95,1.59655,2.13566,1.65486,0.34493,0.27572,0.23469,0.10942,1.78701,2.31339,1.80863,0.022575,0.007525,0.022575,0.007525,0.022575,0.007525,0.022575,0.007525
27,3394.85,1.58488,2.10996,1.64426,0.33325,0.28375,0.22345,0.10345,1.79805,2.30487,1.81478,0.022278,0.007426,0.022278,0.007426,0.022278,0.007426,0.022278,0.007426
28,3510.67,1.58071,2.08316,1.63672,0.35716,0.28709,0.23884,0.11053,1.78729,2.29744,1.80108,0.021981,0.007327,0.021981,0.007327,0.021981,0.007327,0.021981,0.007327
29,3627.62,1.56169,2.05704,1.61926,0.3535,0.289,0.23496,0.10995,1.78141,2.29448,1.7999,0.021684,0.007228,0.021684,0.007228,0.021684,0.007228,0.021684,0.007228
30,3743.47,1.55501,2.02699,1.61136,0.3536,0.29147,0.2337,0.10597,1.80752,2.2925,1.81887,0.021387,0.007129,0.021387,0.007129,0.021387,0.007129,0.021387,0.007129
31,3859.73,1.54517,1.99977,1.60459,0.35752,0.28301,0.24048,0.11167,1.80167,2.29124,1.81712,0.02109,0.00703,0.02109,0.00703,0.02109,0.00703,0.02109,0.00703
32,3976.05,1.53236,1.98122,1.59696,0.34389,0.29504,0.23933,0.11089,1.791,2.28041,1.80642,0.020793,0.006931,0.020793,0.006931,0.020793,0.006931,0.020793,0.006931
33,4091.99,1.51845,1.94837,1.58609,0.36544,0.28309,0.2439,0.11309,1.78685,2.27883,1.80358,0.020496,0.006832,0.020496,0.006832,0.020496,0.006832,0.020496,0.006832
34,4208.49,1.50779,1.92096,1.57837,0.35394,0.29181,0.2434,0.11289,1.8034,2.28657,1.82123,0.020199,0.006733,0.020199,0.006733,0.020199,0.006733,0.020199,0.006733
35,4324.1,1.50383,1.88958,1.5658,0.35928,0.28543,0.24109,0.11061,1.80702,2.30532,1.81925,0.019902,0.006634,0.019902,0.006634,0.019902,0.006634,0.019902,0.006634
36,4439.75,1.48913,1.87417,1.55898,0.3465,0.30292,0.24045,0.11129,1.82146,2.29289,1.83562,0.019605,0.006535,0.019605,0.006535,0.019605,0.006535,0.019605,0.006535
37,4555.45,1.47214,1.84412,1.54567,0.36137,0.28789,0.24038,0.11291,1.81132,2.28371,1.82633,0.019308,0.006436,0.019308,0.006436,0.019308,0.006436,0.019308,0.006436
38,4671.44,1.47115,1.82823,1.54179,0.37718,0.28556,0.24626,0.11526,1.81197,2.28156,1.82514,0.019011,0.006337,0.019011,0.006337,0.019011,0.006337,0.019011,0.006337
39,4787.85,1.46157,1.80574,1.53353,0.35848,0.29059,0.24036,0.11164,1.81703,2.2887,1.82868,0.018714,0.006238,0.018714,0.006238,0.018714,0.006238,0.018714,0.006238
40,4903.65,1.44323,1.77595,1.52753,0.3812,0.29377,0.24914,0.11576,1.82161,2.28499,1.8432,0.018417,0.006139,0.018417,0.006139,0.018417,0.006139,0.018417,0.006139
41,5020.73,1.44025,1.75776,1.52048,0.3747,0.3052,0.25095,0.11806,1.82074,2.27051,1.83908,0.01812,0.00604,0.01812,0.00604,0.01812,0.00604,0.01812,0.00604
42,5137.04,1.43578,1.72795,1.50871,0.38309,0.29636,0.25296,0.116,1.82422,2.28632,1.84064,0.017823,0.005941,0.017823,0.005941,0.017823,0.005941,0.017823,0.005941
43,5253.71,1.41477,1.70238,1.49574,0.39498,0.29916,0.25153,0.11731,1.8165,2.29771,1.84091,0.017526,0.005842,0.017526,0.005842,0.017526,0.005842,0.017526,0.005842
44,5370.06,1.41065,1.68291,1.49122,0.37762,0.29119,0.24822,0.1164,1.82387,2.31784,1.84681,0.017229,0.005743,0.017229,0.005743,0.017229,0.005743,0.017229,0.005743
45,5486.91,1.39875,1.65065,1.47639,0.37269,0.29826,0.24248,0.11426,1.84557,2.31551,1.85852,0.016932,0.005644,0.016932,0.005644,0.016932,0.005644,0.016932,0.005644
46,5603.72,1.39846,1.63909,1.47521,0.35099,0.30447,0.24017,0.11239,1.84401,2.33269,1.86456,0.016635,0.005545,0.016635,0.005545,0.016635,0.005545,0.016635,0.005545
47,5720.45,1.3805,1.60804,1.46435,0.38587,0.28696,0.24438,0.11488,1.8469,2.32549,1.86632,0.016338,0.005446,0.016338,0.005446,0.016338,0.005446,0.016338,0.005446
48,5837.25,1.3751,1.59512,1.46212,0.38964,0.28266,0.24302,0.11334,1.85881,2.33897,1.87865,0.016041,0.005347,0.016041,0.005347,0.016041,0.005347,0.016041,0.005347
49,5953.89,1.36577,1.57137,1.45115,0.38525,0.29335,0.24682,0.11395,1.85345,2.33911,1.87327,0.015744,0.005248,0.015744,0.005248,0.015744,0.005248,0.015744,0.005248
50,6070.84,1.35397,1.55028,1.44516,0.38993,0.28792,0.25004,0.11624,1.86546,2.34171,1.8817,0.015447,0.005149,0.015447,0.005149,0.015447,0.005149,0.015447,0.005149
51,6186.64,1.34297,1.52114,1.43721,0.37553,0.29484,0.25005,0.11748,1.86606,2.34101,1.88212,0.01515,0.00505,0.01515,0.00505,0.01515,0.00505,0.01515,0.00505
52,6302.09,1.33674,1.50145,1.42543,0.39253,0.29931,0.25784,0.11906,1.87037,2.33566,1.88741,0.014853,0.004951,0.014853,0.004951,0.014853,0.004951,0.014853,0.004951
53,6418.62,1.32523,1.47462,1.42009,0.38113,0.29869,0.24936,0.11662,1.87427,2.33034,1.89484,0.014556,0.004852,0.014556,0.004852,0.014556,0.004852,0.014556,0.004852
54,6533.88,1.32277,1.46678,1.4181,0.386,0.29445,0.25079,0.11758,1.87961,2.36424,1.89974,0.014259,0.004753,0.014259,0.004753,0.014259,0.004753,0.014259,0.004753
55,6649.62,1.30386,1.43894,1.40524,0.38469,0.29872,0.25202,0.11786,1.89239,2.36226,1.91343,0.013962,0.004654,0.013962,0.004654,0.013962,0.004654,0.013962,0.004654
56,6764.75,1.30037,1.42708,1.40148,0.40705,0.288,0.24675,0.1168,1.90034,2.37408,1.91958,0.013665,0.004555,0.013665,0.004555,0.013665,0.004555,0.013665,0.004555
57,6880.72,1.28617,1.39721,1.3893,0.40372,0.2949,0.24983,0.11736,1.90222,2.38145,1.92315,0.013368,0.004456,0.013368,0.004456,0.013368,0.004456,0.013368,0.004456
58,6996.15,1.27488,1.37905,1.38469,0.39603,0.29841,0.25257,0.11759,1.91493,2.39978,1.93912,0.013071,0.004357,0.013071,0.004357,0.013071,0.004357,0.013071,0.004357
59,7111.39,1.28153,1.37148,1.38153,0.39813,0.29022,0.2497,0.11607,1.91705,2.40797,1.94008,0.012774,0.004258,0.012774,0.004258,0.012774,0.004258,0.012774,0.004258
60,7227.13,1.25609,1.34185,1.36552,0.39937,0.298,0.25103,0.11788,1.91293,2.39977,1.93698,0.012477,0.004159,0.012477,0.004159,0.012477,0.004159,0.012477,0.004159
61,7342.39,1.25344,1.33101,1.3646,0.39886,0.29344,0.25148,0.11837,1.92279,2.41619,1.94418,0.01218,0.00406,0.01218,0.00406,0.01218,0.00406,0.01218,0.00406
62,7457.22,1.23765,1.31568,1.35536,0.39746,0.29012,0.24794,0.11691,1.92525,2.42072,1.95061,0.011883,0.003961,0.011883,0.003961,0.011883,0.003961,0.011883,0.003961
63,7573.05,1.23354,1.29606,1.3497,0.37414,0.29562,0.24699,0.11668,1.92839,2.43342,1.95385,0.011586,0.003862,0.011586,0.003862,0.011586,0.003862,0.011586,0.003862
64,7689.34,1.22525,1.27698,1.34063,0.3694,0.3078,0.25121,0.11782,1.93304,2.43129,1.96166,0.011289,0.003763,0.011289,0.003763,0.011289,0.003763,0.011289,0.003763
65,7804.42,1.221,1.25983,1.33676,0.38293,0.29374,0.24925,0.11716,1.93838,2.44011,1.96475,0.010992,0.003664,0.010992,0.003664,0.010992,0.003664,0.010992,0.003664
66,7919.89,1.21139,1.2449,1.33072,0.38422,0.30151,0.24835,0.11623,1.94608,2.44908,1.97259,0.010695,0.003565,0.010695,0.003565,0.010695,0.003565,0.010695,0.003565
67,8035.02,1.19685,1.22563,1.31912,0.39243,0.29413,0.24705,0.11667,1.95113,2.47034,1.97823,0.010398,0.003466,0.010398,0.003466,0.010398,0.003466,0.010398,0.003466
68,8150.7,1.19301,1.20721,1.31451,0.37871,0.30345,0.2473,0.11632,1.9511,2.4773,1.98165,0.010101,0.003367,0.010101,0.003367,0.010101,0.003367,0.010101,0.003367
69,8266.07,1.1819,1.19544,1.30924,0.38242,0.29898,0.24839,0.1166,1.94893,2.48578,1.98082,0.009804,0.003268,0.009804,0.003268,0.009804,0.003268,0.009804,0.003268
70,8381.19,1.17041,1.17096,1.29975,0.38579,0.2996,0.24729,0.11509,1.96074,2.49391,1.9924,0.009507,0.003169,0.009507,0.003169,0.009507,0.003169,0.009507,0.003169
71,8496.32,1.16307,1.16311,1.29785,0.38919,0.30115,0.24863,0.11685,1.96473,2.50833,1.99471,0.00921,0.00307,0.00921,0.00307,0.00921,0.00307,0.00921,0.00307
72,8611.82,1.15685,1.14835,1.28602,0.39412,0.29269,0.24731,0.11582,1.96537,2.51932,1.99751,0.008913,0.002971,0.008913,0.002971,0.008913,0.002971,0.008913,0.002971
